Name,Gender,Grade,Because I need at least a high-school degree in order to find a high-paying job later on.,Because I experience pleasure and satisfaction while learning new things.,Because I think that a high-school education will help me better prepare for the career I have chosen.,Because I really like going to school.,"Honestly, I don't know; I really feel that I am wasting my time in school.",For the pleasure I experience while surpassing myself in my studies.,To prove to myself that I am capable of completing my high-school degree.,In order to obtain a more prestigious job later on.,For the pleasure I experience when I discover new things never seen before.,Because eventually it will enable me to enter the job market in a field that I like.,"Because for me, school is fun.","I once had good reasons for going to school; however, now I wonder whether I should continue.",For the pleasure that I experience while I am surpassing myself in one of my personal accomplishments.,"Because of the fact that when I succeed in school I feel
important.","Because I want to have ""the good life"" later on.","For the pleasure that I experience in broadening my
knowledge about subjects which appeal to me.",Because this will help me make a better choice regarding my career orientation.,"For the pleasure that I experience when I am taken by
discussions with interesting teachers.","I can't see why I go to school and frankly, I couldn't care
less.","For the satisfaction I feel when I am in the process of
accomplishing difficult academic activities.",To show myself that I am an intelligent person.,In order to have a better salary later on.,"Because my studies allow me to continue to learn about
many things that interest me.","Because I believe that my high school education will
improve my competence as a worker.","For the ""high"" feeling that I experience while reading about various interesting subjects.",I don't know; I can't understand what I am doing in school.,Because high school allows me to experience a personal satisfaction in my quest for excellence in my studies.,"Because I want to show myself that I can succeed in my
studies.",Cluster
501,Male,6,3,4,7,6,5,3,5,7,6,3,7,2,2,5,7,7,7,2,6,7,6,7,3,3,3,1,4,4,1
502,Female,12,2,5,7,4,3,6,6,2,4,5,4,2,4,4,6,2,3,1,5,6,3,1,2,1,6,5,1,5,1
503,Female,5,1,2,3,4,1,4,5,2,7,2,5,1,1,7,7,5,3,6,3,5,6,1,3,2,7,6,1,7,1
504,Female,8,6,4,2,7,1,4,1,5,5,7,3,7,6,5,3,3,2,5,5,6,3,2,3,2,7,6,6,3,0
505,Female,11,5,4,6,1,3,2,4,1,4,2,5,3,6,2,4,2,2,6,7,7,1,7,4,4,7,1,5,2,1
506,Female,2,4,1,5,1,2,4,7,3,4,6,7,2,1,1,7,2,7,1,6,5,7,3,3,7,1,4,2,1,1
507,Female,12,3,2,5,6,3,2,3,4,4,5,4,4,5,7,6,1,3,4,1,7,3,7,7,1,5,5,7,6,0
508,Female,12,4,3,4,4,2,5,4,5,5,2,3,7,2,4,2,3,4,3,6,4,3,6,1,4,7,3,5,6,1
509,Female,12,6,6,5,5,1,2,7,6,5,7,4,1,5,1,2,2,7,6,2,7,6,3,7,2,1,4,3,6,1
510,Male,7,3,6,7,5,5,7,7,2,3,4,4,2,6,2,3,2,5,7,5,3,7,3,1,7,2,2,1,2,1
511,Female,7,2,6,3,4,3,6,3,6,6,2,4,4,1,4,2,3,3,4,1,5,7,4,6,7,4,6,2,2,0
512,Male,3,5,3,1,6,4,3,3,4,5,2,5,1,2,1,4,5,1,3,7,4,1,1,5,2,5,5,2,6,0
513,Male,9,3,7,3,5,3,4,7,5,2,6,5,7,7,5,4,5,3,2,2,2,3,3,5,5,7,2,7,6,0
514,Female,4,6,1,1,1,5,3,1,5,6,5,5,1,3,6,5,4,2,2,6,3,7,7,6,4,4,1,1,5,1
515,Male,12,2,2,4,6,6,4,4,4,6,1,4,2,4,2,4,5,5,4,2,2,3,3,7,3,7,1,2,7,0
516,Female,4,6,3,5,3,3,5,4,1,3,4,2,3,2,4,7,2,6,5,6,5,4,4,4,6,2,6,3,1,1
517,Female,2,2,2,7,3,3,5,1,6,3,1,2,3,6,1,4,7,5,5,6,7,3,3,4,5,7,7,7,5,1
518,Male,9,1,3,2,2,5,7,6,3,5,4,6,5,4,4,6,2,4,7,7,3,4,1,6,3,6,4,6,1,0
519,Female,7,4,7,2,5,7,1,6,3,4,2,5,2,6,5,7,4,1,7,7,5,7,2,6,6,6,6,2,3,0
520,Female,11,5,3,4,6,5,5,2,3,6,1,6,6,4,6,6,7,4,3,6,2,6,7,7,3,7,5,1,3,0
521,Male,11,2,3,7,2,4,2,7,5,3,2,6,4,1,1,5,3,7,3,2,6,4,6,7,1,4,7,4,4,1
522,Female,8,4,1,2,5,7,1,4,4,3,7,1,5,3,3,5,6,6,6,3,2,6,5,1,2,5,3,6,7,1
523,Female,12,6,1,5,5,4,7,6,6,1,1,6,2,6,6,4,2,1,7,1,1,3,5,7,1,5,1,6,6,0
524,Female,2,7,5,3,5,6,4,2,6,2,6,1,3,4,2,6,5,6,4,6,1,7,2,6,6,2,1,1,2,1
525,Male,4,4,5,5,1,4,4,1,7,7,1,3,7,6,1,2,4,4,3,1,5,3,3,3,2,7,3,4,5,0
526,Male,8,3,2,3,4,4,1,5,7,7,2,4,2,2,1,4,5,3,3,7,2,1,5,4,3,5,5,3,3,1
527,Male,12,7,2,4,5,6,4,7,7,1,2,1,7,6,6,3,2,4,5,7,1,1,7,2,7,7,6,1,2,0
528,Female,9,3,7,2,5,4,6,1,5,7,5,7,4,5,4,1,1,4,6,5,4,3,7,6,5,5,2,3,2,0
529,Male,12,3,3,1,4,6,6,6,4,1,2,6,2,5,2,2,6,6,7,1,6,3,2,5,5,3,4,1,2,0
530,Male,3,1,4,3,1,5,1,3,1,3,3,6,3,3,6,7,3,3,5,7,4,2,2,7,2,3,7,1,2,1
531,Female,2,1,7,4,4,3,4,3,7,3,1,4,4,5,4,3,4,6,3,6,3,1,3,3,7,1,6,4,5,1
532,Male,8,3,5,1,6,7,1,1,1,7,4,3,3,7,7,6,7,7,2,6,1,7,5,7,5,7,6,5,3,0
533,Male,11,4,1,6,7,3,5,6,6,2,5,6,3,3,4,1,7,2,5,4,3,3,3,7,6,2,2,2,1,0
534,Male,3,1,4,4,1,1,6,4,7,7,7,2,6,7,5,1,5,6,1,6,7,7,5,6,5,1,2,7,4,1
535,Female,6,5,1,7,1,6,6,6,6,1,3,2,2,2,2,2,6,4,4,4,2,5,5,6,2,1,2,6,6,1
536,Male,2,1,1,2,2,2,7,5,1,2,6,2,1,3,7,5,1,4,7,6,1,5,5,5,4,5,3,5,5,1
537,Male,11,4,2,1,7,6,4,1,1,4,2,1,6,3,1,6,6,1,7,2,3,1,5,6,5,4,1,5,7,0
538,Male,9,1,3,3,1,5,3,5,5,3,5,4,1,5,4,5,2,3,7,5,3,6,5,2,3,4,4,1,3,1
539,Male,6,1,1,6,2,6,1,7,7,1,7,4,3,6,4,1,5,6,5,1,1,1,3,3,4,4,4,2,4,1
540,Female,9,7,4,2,6,3,2,6,3,7,1,2,6,2,3,5,4,2,4,1,3,1,3,5,7,3,1,4,6,0
541,Female,2,7,1,1,4,5,3,2,6,1,5,3,4,1,7,7,7,3,6,5,7,6,1,6,7,7,1,5,4,0
542,Male,10,1,2,6,1,5,2,1,3,6,6,1,5,2,5,5,7,5,2,4,3,1,2,1,4,6,7,7,5,1
543,Female,11,6,7,3,3,1,5,7,3,7,7,4,4,3,5,7,7,2,5,4,6,2,3,3,3,3,3,1,4,1
544,Male,11,6,3,3,5,4,7,2,2,4,1,1,4,3,5,3,4,1,7,7,6,2,3,3,7,7,7,4,7,0
545,Male,11,3,6,2,6,7,3,1,4,7,4,4,3,1,7,6,5,1,5,1,3,7,6,7,2,1,5,7,2,0
546,Female,8,1,6,6,1,7,5,5,6,5,4,1,1,7,1,7,4,1,3,1,1,3,1,6,1,1,1,4,2,1
547,Female,5,5,3,1,3,3,1,7,4,4,3,5,5,6,7,2,5,3,3,7,7,6,5,7,3,1,5,1,4,1
548,Male,12,4,7,2,4,4,1,3,3,5,1,4,2,7,1,4,5,7,2,5,4,4,5,3,2,6,1,5,7,1
549,Male,11,5,2,3,7,2,3,7,2,7,5,2,6,5,1,4,6,3,1,5,5,5,5,2,7,4,2,5,3,0
550,Female,7,2,4,1,7,2,6,2,7,7,5,1,7,4,2,5,7,2,2,3,2,4,2,5,3,1,6,2,6,0
551,Male,6,3,2,1,6,1,1,7,6,2,1,7,7,1,4,4,1,1,5,5,4,3,4,2,2,2,4,1,7,0
552,Male,12,1,6,2,4,4,1,3,5,1,4,2,2,2,2,5,1,7,3,6,1,6,3,4,2,1,5,1,2,1
553,Male,1,5,2,2,1,2,5,7,6,4,4,3,7,3,3,3,5,3,5,2,6,2,3,2,4,5,6,3,5,0
554,Male,9,5,4,4,3,5,5,3,4,3,6,3,6,3,1,1,6,4,1,2,7,3,6,6,3,4,7,5,6,0
555,Male,8,6,5,2,4,1,7,6,3,6,6,3,3,1,2,2,4,3,5,2,2,4,5,1,1,4,3,5,2,0
556,Female,1,5,4,1,5,2,7,4,7,7,2,1,3,5,2,4,2,5,3,4,1,3,6,2,2,7,5,3,5,1
557,Female,7,5,4,5,2,5,2,4,7,2,5,2,2,3,6,6,7,4,3,5,2,5,2,1,6,2,4,2,1,1
558,Female,3,5,4,6,1,1,4,2,6,4,2,7,2,4,7,5,6,5,2,7,2,2,2,6,6,4,7,1,6,1
559,Male,4,3,4,3,2,2,5,7,6,2,1,4,2,7,7,7,4,3,2,3,7,5,2,5,7,2,6,6,1,1
560,Female,4,1,3,7,2,2,5,5,4,7,6,6,2,1,6,6,6,3,4,5,4,6,4,2,3,3,3,3,1,1
561,Male,4,1,7,3,1,4,1,2,5,5,1,7,6,2,7,6,1,6,5,4,3,2,4,1,5,7,3,1,7,1
562,Male,8,6,6,4,2,1,2,3,2,6,7,4,7,5,3,2,2,3,6,7,6,1,2,3,7,4,1,3,1,0
563,Female,12,2,5,1,7,5,4,1,6,6,3,4,1,5,2,1,7,1,2,5,3,1,6,7,7,3,1,1,5,0
564,Male,4,3,6,1,3,7,6,5,5,6,3,5,3,6,3,6,7,4,2,7,7,4,3,2,7,7,1,1,2,1
565,Female,10,5,5,6,4,4,4,6,7,2,4,5,6,6,7,5,5,5,6,3,2,1,7,4,4,5,6,6,4,1
566,Female,2,3,3,6,6,7,7,3,4,2,1,5,1,7,2,2,4,6,2,3,3,6,3,3,7,7,7,3,6,1
567,Male,3,3,7,2,5,6,2,2,2,2,3,6,7,1,1,5,5,6,5,2,4,4,4,4,1,3,1,6,1,0
568,Female,2,7,6,4,1,7,3,6,2,2,6,1,5,2,3,3,1,7,7,3,3,2,5,7,5,1,2,5,7,0
569,Female,2,2,2,6,4,5,6,7,2,1,5,1,7,3,2,1,5,2,7,1,6,7,4,2,7,6,1,1,7,0
570,Male,10,5,4,5,5,3,2,2,2,7,5,5,2,6,4,1,4,3,3,4,2,3,1,3,1,1,7,7,4,0
571,Female,9,2,4,5,3,6,5,3,5,3,6,1,2,6,2,3,2,3,6,5,1,4,7,2,3,4,2,5,2,1
572,Female,2,4,1,7,5,7,3,4,1,7,6,2,1,2,3,6,3,4,4,1,6,7,3,3,3,6,1,1,2,1
573,Male,6,2,6,1,7,6,3,7,1,4,4,4,6,4,7,5,5,2,5,5,1,2,7,4,2,5,3,1,1,0
574,Female,8,3,7,6,3,3,4,7,2,7,4,3,1,5,4,7,4,4,6,3,4,2,2,4,4,4,4,3,3,1
575,Female,3,1,4,5,3,5,7,4,2,7,2,7,2,6,5,2,1,5,2,1,4,1,4,3,4,6,3,3,7,1
576,Male,9,6,5,6,6,5,7,5,4,7,5,2,1,1,6,3,4,6,4,1,1,3,6,6,6,4,2,7,3,0
577,Male,9,6,1,7,6,4,3,7,1,6,7,1,5,4,5,6,7,3,3,5,4,4,4,3,5,1,4,5,4,1
578,Male,5,7,7,2,2,5,7,4,7,4,6,7,1,6,3,3,6,5,6,3,6,5,4,4,2,4,5,7,7,1
579,Male,6,2,2,1,2,2,7,5,4,6,2,5,6,2,4,6,7,6,3,5,7,6,5,1,5,3,5,2,6,1
580,Male,11,3,5,3,6,7,2,7,7,3,1,2,6,3,7,7,5,1,2,6,5,3,7,7,4,7,2,4,5,0
581,Female,6,7,3,6,3,4,3,7,1,3,4,4,4,5,4,6,5,1,3,5,6,6,3,7,1,7,5,4,3,1
582,Female,10,1,2,5,1,6,6,1,3,4,5,4,3,3,1,6,2,1,7,1,3,2,7,4,5,4,5,3,2,0
583,Male,7,6,6,7,7,3,1,6,3,7,6,3,2,1,5,2,2,1,4,2,7,1,4,4,4,2,3,5,4,0
584,Female,6,7,2,7,3,7,4,1,7,7,4,5,1,6,7,6,2,5,6,5,6,7,7,6,3,5,6,4,3,1
585,Female,7,5,6,2,6,2,6,2,6,1,7,7,5,4,1,5,5,2,5,3,7,5,7,3,5,5,6,4,7,0
586,Female,3,4,7,6,6,1,4,4,6,2,2,2,2,6,2,1,1,5,3,1,7,6,5,7,6,4,4,1,3,1
587,Female,12,4,7,3,5,3,6,4,7,3,6,5,2,3,5,7,7,1,3,2,4,7,7,1,7,7,2,3,7,1
588,Male,9,6,5,3,4,2,7,3,1,6,2,3,7,1,4,7,1,6,6,3,1,2,2,3,7,2,3,3,2,0
589,Female,8,2,4,7,1,3,1,7,5,2,7,5,1,5,5,7,6,7,7,4,7,7,5,1,3,7,5,3,4,1
590,Male,7,3,3,7,4,3,5,2,3,4,3,4,4,7,4,6,1,7,7,1,5,4,1,2,1,1,3,4,1,1
591,Male,2,6,1,6,2,6,1,4,2,4,1,2,6,5,1,3,5,7,2,4,2,7,4,6,6,1,3,4,4,1
592,Female,5,5,3,2,6,4,5,2,5,2,4,6,7,4,2,5,4,7,1,1,7,2,1,4,6,3,6,4,7,1
593,Female,10,4,1,6,5,3,4,2,2,1,2,4,6,2,6,5,7,5,1,5,4,7,6,2,4,2,2,3,1,1
594,Female,1,2,5,4,7,6,2,2,2,5,3,7,1,1,6,4,3,6,5,1,3,1,4,1,5,6,7,1,4,0
595,Male,5,7,4,1,3,5,7,3,4,1,4,2,1,4,7,1,4,2,1,1,4,3,4,5,5,3,2,2,6,0
596,Female,10,3,3,4,6,7,1,2,4,4,5,7,3,6,3,3,4,2,4,1,2,1,1,6,5,7,2,3,3,0
597,Male,4,3,1,1,2,1,6,2,1,7,2,2,3,7,5,2,4,1,7,6,7,1,1,4,3,6,4,3,2,0
598,Female,11,6,4,4,2,3,3,5,4,1,2,1,7,2,5,4,4,4,5,3,4,7,5,5,3,3,5,7,6,1
599,Female,9,2,3,1,3,3,1,2,7,6,6,4,6,2,5,7,6,3,2,5,4,2,5,1,7,7,6,5,6,1
600,Female,5,1,5,7,2,6,4,6,2,7,4,5,7,5,4,2,1,2,7,4,3,4,1,1,1,4,7,4,3,1
601,Male,7,7,3,2,7,1,6,2,3,3,3,6,6,3,7,4,1,2,5,2,2,1,2,6,5,6,5,4,5,0
602,Female,8,2,3,1,5,6,4,6,2,6,1,3,1,2,6,5,1,5,5,3,4,4,2,2,3,3,5,5,6,1
603,Female,5,6,7,6,3,5,1,5,5,1,1,7,1,2,5,4,2,4,4,5,3,6,4,2,3,7,6,4,6,1
604,Female,5,6,2,2,4,6,4,2,5,1,5,6,2,5,3,6,3,1,1,6,2,2,2,6,2,1,3,5,5,0
605,Male,1,4,5,1,2,6,1,7,7,2,4,7,4,2,6,6,2,5,1,5,5,1,6,3,6,6,2,5,1,1
606,Female,8,1,6,6,6,5,2,2,5,2,2,4,1,3,3,1,2,4,6,5,5,3,1,3,1,1,7,6,6,1
607,Female,10,6,6,5,2,7,1,4,3,5,4,2,6,7,6,4,7,2,2,3,6,2,5,5,2,7,5,1,2,0
608,Male,12,5,7,1,7,4,7,6,1,7,6,2,6,4,6,5,7,4,5,4,7,4,4,6,6,6,7,4,7,0
609,Female,5,6,4,3,6,7,7,4,1,7,4,4,5,6,1,7,3,2,1,7,6,5,5,2,1,5,1,3,3,1
610,Male,3,4,6,1,4,3,3,2,7,2,4,5,5,6,3,6,4,6,5,1,6,2,3,4,4,5,1,4,2,0
611,Male,12,1,1,6,3,4,6,5,6,6,7,7,2,7,5,7,7,6,6,3,3,2,3,6,7,4,7,2,1,1
612,Male,11,3,5,4,5,6,1,6,2,6,5,6,5,5,6,7,2,1,5,3,5,2,3,6,2,2,2,2,3,0
613,Female,6,1,7,1,4,3,3,4,4,4,5,4,4,3,3,7,5,2,2,4,3,2,5,7,3,4,7,4,7,0
614,Male,2,3,4,1,1,6,5,1,4,5,6,2,2,1,2,7,1,4,3,7,5,1,1,5,7,1,1,5,7,1
615,Female,10,2,7,6,1,3,2,5,1,4,4,3,2,1,1,7,3,1,1,1,2,5,2,2,5,1,2,5,5,1
616,Male,2,4,3,3,2,3,5,4,2,2,4,2,4,3,7,6,2,2,1,4,3,2,3,4,4,5,7,3,4,0
617,Female,2,3,2,3,4,6,7,6,5,2,4,7,3,1,3,5,6,5,7,4,2,5,6,1,3,7,1,1,6,1
618,Male,2,3,4,4,2,7,7,7,3,1,2,6,3,6,4,7,5,3,1,6,3,6,7,5,4,2,6,6,7,1
619,Male,1,1,7,6,1,2,6,6,6,4,7,2,7,5,4,4,4,6,7,4,1,2,1,1,5,5,3,1,4,1
620,Male,12,5,2,7,5,7,5,5,3,3,4,4,5,2,2,6,5,2,5,6,4,3,4,7,5,4,2,6,5,0
621,Female,4,5,2,7,4,2,5,4,1,6,5,5,7,6,2,1,2,3,4,2,2,1,5,3,4,2,1,5,2,0
622,Female,11,7,1,6,6,7,7,2,1,1,3,4,1,6,4,5,1,3,4,1,2,1,4,5,7,1,5,3,5,0
623,Female,11,6,7,1,2,7,3,1,7,7,6,1,5,5,4,5,1,4,7,4,4,2,4,6,2,7,4,7,1,0
624,Female,4,3,4,2,5,5,2,2,4,5,7,7,3,1,3,6,3,6,6,4,4,4,6,7,3,1,6,1,6,1
625,Female,12,7,1,5,2,3,1,3,1,2,7,6,2,1,2,7,6,1,2,5,1,2,5,1,3,3,2,4,2,1
626,Male,4,6,6,5,5,4,5,7,2,2,6,6,6,5,7,2,3,6,3,5,6,5,5,5,4,3,7,3,7,1
627,Female,1,5,6,2,4,7,1,6,7,3,3,4,6,1,2,6,1,7,3,1,1,5,2,2,5,7,7,4,1,1
628,Female,8,7,4,5,6,2,6,6,5,7,4,5,2,2,5,5,4,3,2,7,6,7,4,5,6,3,2,1,6,1
629,Female,3,1,5,1,3,6,6,6,3,4,6,3,7,7,1,5,3,2,7,3,7,7,3,6,5,5,5,2,2,0
630,Male,1,1,1,4,4,1,6,2,7,1,6,6,2,4,2,2,3,2,7,7,3,3,4,1,5,7,5,4,1,1
631,Male,10,6,5,4,3,5,1,7,6,1,4,5,4,3,6,1,3,2,5,6,5,3,7,3,3,1,7,6,6,1
632,Female,4,4,3,5,6,5,1,4,7,6,4,5,2,4,5,7,7,1,4,3,7,5,4,6,6,7,2,4,4,0
633,Female,7,5,7,4,2,5,5,5,6,6,2,6,3,3,2,1,4,3,4,3,3,7,2,2,4,6,2,4,3,1
634,Female,12,2,4,7,5,7,6,3,6,4,1,2,2,2,5,6,1,4,4,2,6,3,7,2,2,5,7,4,1,1
635,Female,10,2,3,3,4,6,6,1,3,4,1,2,5,6,3,5,5,5,4,4,7,1,5,6,4,2,3,4,6,0
636,Female,4,2,6,2,2,2,2,6,7,7,7,3,7,7,2,3,1,3,5,7,2,6,4,5,4,2,1,6,2,1
637,Female,12,1,5,5,3,4,2,5,7,5,3,1,5,4,2,7,7,4,6,6,6,5,2,3,7,3,6,2,6,1
638,Female,12,5,4,2,3,4,7,4,5,7,7,1,7,1,7,3,5,5,2,4,6,3,3,2,7,7,3,5,2,0
639,Male,7,7,5,1,5,2,1,1,3,7,3,2,5,2,1,5,5,4,1,1,4,7,3,4,6,3,1,3,3,0
640,Female,10,2,4,7,3,1,5,1,3,6,4,1,7,6,5,4,3,6,4,2,1,4,7,7,4,6,6,7,3,1
641,Female,10,6,1,6,2,5,4,3,4,2,1,2,7,4,6,7,7,4,1,7,4,1,7,1,7,7,5,7,2,1
642,Female,11,7,6,2,7,5,6,2,4,7,5,6,1,7,5,6,5,2,1,6,4,3,2,4,6,4,2,3,4,0
643,Female,8,4,7,1,7,5,7,5,2,7,5,1,6,3,3,7,4,6,6,5,2,5,1,7,3,7,7,5,6,0
644,Male,2,5,5,6,5,6,6,6,1,5,1,5,3,6,6,3,5,2,4,3,2,1,3,7,6,2,6,2,4,0
645,Male,1,7,7,1,5,1,6,4,4,5,1,4,2,2,3,5,3,4,2,4,5,2,3,6,6,1,6,7,2,0
646,Female,12,7,2,3,3,7,5,1,4,5,3,5,3,6,1,5,3,7,5,1,5,5,2,3,3,4,2,7,7,1
647,Male,5,6,6,3,1,3,5,7,4,3,3,5,2,2,5,2,3,4,5,1,1,4,6,3,3,7,1,7,3,0
648,Female,10,3,4,3,7,5,2,3,4,2,4,1,4,5,2,3,1,2,1,1,5,2,1,2,6,4,3,2,1,0
649,Female,12,3,1,1,6,2,4,6,2,3,3,7,7,7,5,6,5,2,6,1,7,1,1,6,1,5,1,2,4,0
650,Female,4,5,6,6,4,2,7,3,5,3,7,1,3,7,7,6,2,6,6,4,1,7,1,3,3,2,7,2,6,1
651,Male,12,7,4,1,6,4,2,4,5,1,2,4,3,4,6,7,2,2,2,3,1,5,4,3,1,1,3,4,6,0
652,Male,1,2,3,6,6,3,6,1,2,3,7,2,7,3,3,3,7,2,7,5,5,7,3,6,5,1,5,3,4,0
653,Female,3,2,3,5,5,4,1,2,5,7,1,2,1,4,3,6,7,1,6,4,1,2,1,2,6,3,7,4,4,0
654,Male,11,4,5,1,3,5,5,1,1,2,5,5,1,7,3,1,2,3,6,3,6,4,2,7,2,4,5,2,1,0
655,Female,6,6,1,3,2,5,3,2,4,5,3,6,3,5,3,6,1,5,5,1,2,4,1,6,6,7,2,1,7,0
656,Male,9,5,5,3,6,3,2,2,1,5,6,3,7,3,7,1,1,7,6,1,2,5,3,7,6,7,7,4,5,0
657,Male,4,5,6,2,1,1,4,5,6,5,2,4,7,1,5,5,1,1,5,5,2,2,7,6,1,7,5,7,2,0
658,Female,10,6,1,4,2,6,4,4,3,7,1,6,5,2,3,5,4,4,2,5,7,6,5,5,2,2,6,1,7,1
659,Male,12,6,2,6,7,7,1,4,1,2,2,4,5,1,7,3,2,3,7,6,7,3,7,7,3,2,5,6,4,0
660,Female,9,2,2,2,6,2,6,7,7,3,6,5,1,5,4,7,3,7,3,7,1,4,5,6,5,6,1,5,4,1
661,Female,4,7,3,7,2,2,5,2,4,1,5,5,5,6,3,2,4,2,4,6,7,6,3,6,2,3,3,1,6,1
662,Male,11,3,7,7,3,6,5,3,7,6,6,5,2,4,3,3,1,3,4,5,7,1,5,6,5,7,5,5,6,1
663,Female,8,2,4,4,5,4,2,5,5,3,6,7,3,2,5,3,6,2,3,7,7,5,7,3,7,6,6,3,1,1
664,Male,8,3,7,6,6,2,6,7,6,5,6,5,7,1,3,6,3,5,6,5,6,4,6,1,3,1,6,4,3,1
665,Female,10,6,5,4,1,7,1,1,3,2,1,4,3,3,5,3,1,1,3,5,6,7,3,4,4,2,7,6,5,1
666,Male,10,6,2,3,1,6,6,4,2,3,7,7,7,2,5,3,5,4,4,4,6,1,4,2,5,2,3,7,5,0
667,Male,2,7,5,1,6,6,5,5,5,2,7,3,2,6,6,4,5,2,5,2,4,1,7,2,1,4,2,6,4,0
668,Female,12,6,5,4,5,5,4,6,6,5,7,3,2,3,2,3,2,5,2,5,7,2,5,5,7,4,7,1,6,1
669,Female,5,3,4,4,3,5,4,2,1,7,5,6,3,5,7,5,5,6,3,3,5,2,5,7,2,7,7,4,5,1
670,Female,3,3,5,3,4,5,6,1,3,3,6,4,7,3,5,2,7,2,4,1,3,1,5,7,5,2,5,5,5,0
671,Female,5,4,7,7,6,1,7,5,1,5,3,2,4,1,5,3,6,7,6,2,3,6,7,5,3,2,4,6,6,1
672,Male,2,3,3,3,4,6,2,7,5,4,1,2,6,4,7,3,6,3,6,1,6,6,7,6,6,2,7,6,1,0
673,Male,10,6,5,5,7,4,5,2,2,7,7,4,5,2,3,5,7,7,6,1,7,4,7,3,6,4,2,5,4,0
674,Female,2,4,5,4,1,3,2,6,3,3,2,1,2,7,2,6,5,7,2,4,5,2,4,3,1,3,5,5,6,1
675,Male,12,5,6,6,6,3,6,1,6,3,5,6,4,1,7,6,3,6,6,7,2,7,7,1,1,3,2,7,7,1
676,Female,9,2,6,7,4,4,3,5,3,4,1,1,2,1,2,3,6,2,7,1,1,1,6,1,3,7,7,6,7,0
677,Female,2,7,3,6,6,1,4,5,5,4,4,5,6,1,4,5,3,6,3,5,4,4,2,3,5,4,5,7,4,1
678,Male,12,2,2,4,7,2,5,3,1,4,6,4,2,3,7,6,5,4,3,7,7,1,5,3,7,6,4,5,2,0
679,Male,12,2,3,6,2,1,3,2,1,3,2,4,6,4,7,4,3,2,5,2,3,3,5,7,2,7,2,4,6,0
680,Male,6,5,7,2,7,2,7,2,1,1,4,2,5,1,1,6,1,3,4,5,1,1,6,5,7,7,1,3,3,0
681,Male,3,5,5,3,7,6,7,1,2,3,5,1,5,1,4,6,1,1,5,6,5,3,1,4,2,4,2,7,1,0
682,Female,7,1,7,6,2,6,4,6,5,6,1,4,5,3,5,1,4,1,7,1,2,4,3,7,1,2,6,4,6,0
683,Female,5,5,3,6,1,5,3,5,3,3,6,2,2,1,7,7,7,2,5,1,6,5,5,4,7,4,3,7,1,1
684,Male,2,7,1,6,1,5,1,1,3,7,5,2,1,5,4,4,2,3,1,6,2,1,7,1,3,5,2,3,7,1
685,Female,12,3,2,5,1,1,6,4,4,2,2,1,4,2,3,4,5,1,2,2,1,3,2,1,3,7,7,1,4,1
686,Female,12,5,2,7,7,7,3,7,7,7,5,5,2,2,2,4,2,5,4,7,2,4,7,7,3,2,5,7,5,1
687,Male,6,2,6,5,6,1,3,1,3,5,7,1,3,7,5,1,7,7,5,1,5,3,7,2,2,1,5,2,4,1
688,Female,4,7,2,7,6,6,2,3,7,4,6,7,7,5,7,6,3,4,4,4,6,4,2,4,6,1,2,2,7,1
689,Male,6,1,2,6,3,6,4,3,1,6,4,2,2,1,1,2,7,7,1,5,1,1,7,2,6,4,1,6,4,1
690,Male,6,4,1,4,6,7,5,4,7,2,4,3,3,5,4,2,3,1,7,3,2,5,4,3,2,4,6,6,4,0
691,Male,5,7,1,6,3,6,4,6,7,7,4,5,2,6,7,7,3,5,5,6,7,3,5,4,4,6,4,2,2,1
692,Male,10,1,6,3,3,1,5,4,6,6,3,7,5,2,1,3,4,3,5,1,2,3,2,7,4,7,3,6,2,0
693,Female,9,3,5,5,2,2,6,5,4,4,4,5,5,3,3,5,7,5,6,6,3,1,3,7,5,3,5,6,7,1
694,Male,2,5,6,4,6,2,6,3,2,2,4,7,2,3,6,7,4,1,4,1,1,6,1,6,1,1,7,4,6,0
695,Female,4,6,5,4,7,1,4,5,4,4,4,1,3,2,4,6,6,1,4,4,4,2,6,7,7,1,3,2,2,0
696,Male,1,5,5,7,3,2,6,3,2,7,1,2,7,4,2,7,7,4,3,4,4,5,5,3,1,2,3,4,5,1
697,Female,5,4,1,7,1,6,1,5,1,3,2,5,2,1,5,4,5,4,7,3,7,4,1,2,5,2,2,6,5,1
698,Male,2,1,1,4,3,4,7,2,5,6,4,4,4,4,2,3,4,5,4,3,3,2,7,1,7,2,1,6,7,1
699,Male,2,7,2,4,5,6,2,2,2,3,6,7,2,7,1,4,4,2,4,5,2,3,7,5,7,6,1,1,1,0
700,Male,8,3,3,1,2,4,4,5,3,5,7,4,7,2,2,4,5,6,3,4,5,6,3,3,4,5,5,2,2,1
701,Female,6,2,4,4,3,7,2,4,2,6,6,4,5,1,2,3,4,7,4,5,2,2,2,6,6,4,5,6,2,0
702,Female,1,1,5,7,2,4,3,7,1,5,4,2,7,1,2,3,6,4,1,5,2,2,7,3,4,2,4,2,3,1
703,Female,7,2,1,2,1,1,7,4,7,4,6,3,4,1,1,7,3,4,1,7,7,6,5,6,1,3,6,5,3,1
704,Female,9,1,7,4,7,2,5,7,2,6,6,6,7,3,4,2,5,1,7,5,7,6,1,6,7,3,3,7,1,0
705,Male,9,5,3,7,4,3,7,7,2,6,4,1,2,4,4,7,7,4,6,6,7,4,2,1,1,3,2,1,3,1
706,Female,7,2,1,7,5,5,3,2,6,4,5,6,4,1,7,4,3,7,5,5,6,3,5,5,5,6,3,6,3,1
707,Female,12,6,7,6,7,3,4,2,4,2,2,2,2,4,5,3,2,4,4,5,5,1,3,5,1,5,4,3,7,0
708,Male,5,2,3,7,5,1,7,4,5,5,6,4,6,1,3,2,3,4,1,7,2,4,6,7,7,2,1,2,2,1
709,Male,6,4,5,5,4,7,5,5,2,5,5,7,4,7,2,7,7,1,4,4,4,5,3,2,7,4,3,7,7,0
710,Male,1,3,5,7,4,6,6,1,5,2,6,4,1,6,4,1,6,5,3,4,4,3,5,2,7,1,4,2,2,1
711,Female,9,6,1,3,4,1,1,7,2,1,6,6,1,3,2,3,4,5,1,6,7,4,7,4,3,7,7,1,5,1
712,Male,2,5,5,1,6,6,3,4,3,4,4,7,5,2,1,3,6,2,6,5,2,6,6,2,2,5,1,6,7,0
713,Female,3,6,5,2,5,1,6,7,2,4,2,6,1,7,1,1,4,4,7,4,7,3,1,7,6,4,1,2,5,0
714,Male,4,2,1,7,6,5,2,1,6,5,2,1,4,5,4,3,4,3,2,1,2,2,2,3,5,4,3,3,3,0
715,Female,1,7,1,1,5,5,7,6,2,7,3,2,5,1,3,6,7,6,5,7,5,7,5,5,1,7,6,6,2,1
716,Male,6,4,4,2,5,4,5,1,1,1,2,4,3,3,3,6,5,4,3,6,4,1,6,7,5,2,6,3,1,0
717,Female,10,3,3,7,3,2,3,4,6,3,1,4,3,4,4,4,5,4,4,4,5,3,5,4,5,5,7,5,2,1
718,Male,10,3,7,3,6,7,7,3,1,3,4,6,3,2,2,5,5,5,5,5,4,7,6,6,1,6,7,1,2,0
719,Female,12,3,7,6,3,5,4,6,1,3,4,3,2,4,1,2,7,1,1,3,6,7,5,2,2,7,4,5,4,1
720,Female,3,3,3,5,5,6,4,2,3,1,1,2,6,7,6,6,5,2,7,3,7,2,6,6,3,5,3,7,4,0
721,Male,1,2,2,2,1,4,4,6,7,7,2,4,5,6,4,7,1,4,4,3,2,6,6,6,2,5,1,5,2,1
722,Female,3,2,4,1,3,1,6,1,6,6,6,7,3,7,5,1,6,2,6,6,4,6,5,2,4,7,6,4,7,1
723,Female,10,7,4,6,2,7,6,2,2,5,5,2,1,4,6,2,5,5,5,1,5,2,5,4,2,3,7,6,5,1
724,Male,2,4,1,2,5,1,2,3,4,7,1,7,5,7,5,6,2,6,3,2,6,1,6,1,7,1,1,1,7,1
725,Female,7,1,2,4,4,3,7,3,3,4,7,3,6,3,4,4,3,6,3,5,3,3,4,4,6,5,1,4,7,1
726,Female,3,5,5,6,6,3,6,3,5,3,4,7,5,6,4,3,5,1,7,1,3,3,5,6,5,1,4,6,3,0
727,Male,1,7,1,4,4,6,3,5,2,3,3,4,1,4,6,4,6,3,7,4,4,3,6,5,7,1,3,1,2,0
728,Female,10,6,3,2,5,2,3,3,3,2,4,1,1,2,7,5,2,7,5,1,3,7,6,7,3,1,4,7,2,1
729,Male,3,3,1,7,7,2,6,6,2,7,1,5,4,7,3,4,1,4,2,6,4,1,7,2,1,5,6,5,7,1
730,Male,8,5,1,7,5,6,5,4,1,2,6,6,7,6,1,1,4,2,4,7,1,5,7,6,2,5,1,1,6,0
731,Female,8,4,7,6,7,3,6,7,2,5,3,3,3,3,6,7,7,5,2,1,1,4,1,1,3,4,4,5,7,1
732,Male,10,1,5,5,5,4,6,2,3,5,1,5,7,3,4,7,6,1,1,7,7,6,4,3,2,1,6,3,3,1
733,Male,4,3,3,1,5,5,7,4,1,7,7,2,2,4,2,4,7,4,2,7,3,3,1,4,2,7,4,3,3,0
734,Female,10,7,2,1,2,5,5,6,7,1,5,3,4,4,6,4,5,5,2,1,7,4,3,1,1,2,1,6,4,1
735,Female,3,3,1,7,5,6,1,4,3,6,4,7,5,4,1,6,5,7,4,5,4,7,3,7,3,2,5,6,3,1
736,Female,10,3,6,4,2,4,3,5,1,3,7,6,7,4,3,4,5,6,2,1,5,3,2,4,6,2,5,7,3,1
737,Female,6,7,7,3,2,2,1,4,2,4,5,3,7,5,7,4,7,7,6,1,6,5,7,2,1,6,1,5,5,1
738,Female,10,3,4,2,4,6,3,4,5,2,7,1,5,4,7,5,1,6,6,1,7,3,4,5,5,1,6,2,1,0
739,Male,1,4,1,4,5,7,7,7,7,7,1,2,3,3,2,3,1,5,7,4,2,7,2,7,1,7,4,2,6,1
740,Male,7,6,3,1,5,5,7,6,4,3,5,3,4,2,6,5,4,3,4,4,4,6,2,5,4,7,5,2,7,0
741,Female,2,1,1,4,2,4,2,1,2,7,7,6,6,7,5,2,3,2,3,5,1,2,2,3,6,3,4,6,3,0
742,Male,11,4,4,2,4,4,6,6,7,1,2,6,7,3,5,7,7,5,4,7,4,2,6,1,7,6,6,1,5,1
743,Female,7,1,7,2,7,4,3,5,1,7,5,3,1,4,3,5,2,7,6,7,5,3,2,3,3,1,5,1,7,1
744,Female,3,1,5,3,2,7,1,7,4,2,1,4,1,1,6,3,4,5,1,5,7,6,1,7,3,7,2,1,7,1
745,Male,4,3,7,3,3,5,4,7,3,1,3,3,4,7,7,3,5,5,3,1,2,4,6,7,7,5,4,4,1,0
746,Female,7,3,3,3,5,6,4,1,5,4,4,5,5,1,1,5,3,3,6,4,5,3,4,7,6,1,3,3,2,0
747,Male,5,4,6,5,7,2,6,7,1,2,2,5,6,4,1,7,7,4,4,4,5,7,6,7,5,7,3,5,5,0
748,Male,9,2,2,6,1,5,2,6,7,6,1,4,4,6,2,4,7,3,5,2,7,7,4,3,1,4,6,5,3,1
749,Male,7,4,5,1,7,7,4,6,3,5,2,7,4,6,3,4,5,3,4,5,2,2,1,3,2,6,7,7,3,0
750,Male,6,4,4,1,1,4,3,2,4,6,3,4,3,5,5,1,7,1,3,6,2,7,7,5,2,2,5,7,2,0
751,Female,3,7,2,6,1,3,5,7,7,5,4,7,4,6,1,7,6,3,7,7,2,4,2,5,5,7,1,7,3,1
752,Female,7,1,5,1,3,7,2,6,5,7,6,1,2,7,6,3,3,2,7,4,1,3,5,5,2,2,7,6,3,0
753,Female,6,2,5,7,7,3,4,4,5,7,5,6,4,2,5,6,6,1,5,3,6,3,4,7,3,6,6,5,1,0
754,Male,5,7,6,6,2,2,4,5,3,3,5,2,4,5,1,5,1,6,4,6,5,7,1,4,6,1,7,4,5,1
755,Male,7,4,6,1,3,4,5,2,7,5,1,2,5,4,2,4,2,7,3,1,7,5,4,7,3,4,3,1,5,0
756,Male,4,2,3,7,6,7,3,5,3,7,5,4,5,6,1,7,5,5,3,3,1,6,7,5,5,3,2,3,3,1
757,Female,6,1,2,2,5,3,1,7,4,4,3,6,6,4,3,2,1,6,7,2,2,1,2,6,2,6,7,2,2,0
758,Female,2,6,2,1,1,4,2,5,3,7,5,4,1,4,6,1,4,2,1,1,6,7,7,4,4,4,5,1,6,1
759,Female,12,6,4,1,1,2,1,7,2,2,7,3,2,1,7,3,4,1,7,1,2,2,3,5,5,7,6,3,4,0
760,Female,3,6,3,5,6,7,2,6,6,1,3,5,6,2,7,5,5,1,7,1,1,7,7,5,7,3,6,5,2,0
761,Male,7,2,2,5,7,7,6,2,4,7,2,5,3,6,1,7,4,7,2,4,4,6,7,4,3,7,6,2,6,1
762,Male,4,4,1,2,6,7,1,4,7,1,6,4,4,4,6,7,3,3,6,1,6,3,1,7,4,1,2,7,5,0
763,Male,6,4,4,2,7,4,4,7,4,2,5,6,1,1,5,4,5,1,3,3,3,6,1,1,5,7,2,6,1,0
764,Female,7,1,6,7,2,6,7,2,6,4,3,2,5,4,7,6,2,6,4,6,2,6,3,4,1,1,4,6,5,1
765,Female,7,1,3,2,3,7,4,1,7,7,7,1,1,4,5,5,6,4,1,5,1,1,4,2,1,7,7,4,1,1
766,Male,5,6,5,6,3,2,5,1,2,2,1,1,1,2,1,1,6,6,4,5,1,6,5,3,2,6,3,6,6,1
767,Male,2,3,6,3,4,4,5,2,3,1,2,2,7,1,6,3,6,5,6,3,3,5,7,7,7,3,4,6,3,0
768,Male,3,6,7,1,6,1,6,4,3,4,2,6,3,5,1,7,4,3,1,3,2,2,1,7,5,4,5,4,4,0
769,Female,9,3,7,3,1,4,5,5,1,2,2,4,3,7,3,7,4,5,4,6,2,1,7,2,4,2,6,7,3,1
770,Female,4,3,3,6,6,3,7,7,5,4,6,3,6,7,5,5,1,4,4,2,2,3,1,6,3,3,3,5,3,0
771,Male,3,7,2,3,7,2,4,6,7,7,6,3,4,3,1,1,6,3,5,4,6,6,3,5,5,2,1,3,2,0
772,Male,8,6,4,2,5,5,6,3,1,5,7,7,4,6,4,1,5,3,4,2,4,2,6,2,7,2,3,4,4,0
773,Male,4,4,3,5,6,1,3,2,2,4,5,1,1,3,1,6,4,1,5,1,1,5,7,1,2,7,7,2,3,0
774,Male,6,3,7,6,1,6,4,4,3,3,2,4,1,4,7,1,3,6,7,1,7,4,4,2,3,3,7,7,2,1
775,Male,9,3,1,7,3,7,5,1,1,5,3,7,5,6,3,3,1,3,6,2,2,2,2,3,6,5,1,4,1,0
776,Female,5,4,2,7,4,6,5,1,3,6,7,3,7,3,5,6,3,7,2,6,4,3,4,3,5,6,7,6,7,1
777,Male,10,2,6,7,6,7,7,2,3,7,7,1,4,5,3,5,1,6,1,4,7,3,1,2,1,4,4,3,4,1
778,Female,11,5,3,4,4,7,6,7,4,4,4,7,5,5,2,7,2,6,1,1,6,7,6,4,4,1,5,1,2,1
779,Male,1,7,3,1,6,5,1,7,5,2,5,3,5,4,4,5,6,2,1,5,2,6,2,4,6,5,4,6,1,0
780,Male,12,2,3,2,5,4,5,7,5,5,5,5,2,5,2,1,7,6,5,6,5,7,7,5,2,4,5,7,1,1
781,Female,5,2,2,1,1,7,4,6,1,5,7,3,7,7,1,4,3,1,3,4,2,3,6,7,4,2,5,6,2,0
782,Male,10,5,4,4,1,5,1,5,5,6,2,6,7,3,7,5,4,7,5,2,1,5,7,3,2,4,6,1,1,1
783,Female,4,7,6,2,2,5,6,3,5,2,5,6,7,7,4,2,6,7,3,4,3,4,2,5,1,3,3,3,4,1
784,Male,6,1,6,7,4,1,3,7,1,6,5,7,6,2,3,6,4,3,7,5,4,1,2,6,2,2,3,3,1,0
785,Female,11,4,1,6,3,3,4,4,5,3,2,5,2,5,6,7,1,6,6,5,1,4,4,7,4,4,3,4,1,1
786,Female,6,6,6,3,4,7,1,5,1,4,3,4,4,1,4,5,7,4,3,6,2,2,7,3,7,7,1,5,7,0
787,Female,11,7,1,2,3,3,3,6,3,7,7,6,3,3,7,6,2,6,2,2,4,5,2,3,5,2,4,3,3,1
788,Female,10,5,6,3,6,3,3,7,6,4,7,3,7,1,5,1,7,6,6,4,4,4,1,2,4,5,6,6,1,0
789,Male,6,2,5,2,3,4,3,7,7,1,4,1,7,1,2,4,4,6,5,5,1,6,4,5,5,7,3,4,7,1
790,Female,5,3,6,5,7,6,1,2,4,3,6,3,7,1,2,4,1,3,1,4,2,2,4,1,6,3,1,1,2,0
791,Female,2,5,1,5,3,6,6,7,1,2,5,5,3,5,7,2,2,3,6,5,4,3,1,7,2,7,3,1,5,0
792,Male,9,1,1,6,3,4,4,3,7,1,7,6,6,6,2,3,3,4,1,7,7,2,4,4,6,4,6,2,2,1
793,Female,5,3,3,1,2,6,3,2,6,3,6,1,3,6,2,5,5,1,5,5,2,1,6,7,5,1,2,2,1,0
794,Female,2,5,2,1,6,7,2,3,7,1,7,6,5,5,5,2,7,6,7,5,5,2,3,7,2,4,4,1,3,0
795,Male,12,3,2,6,3,1,2,1,7,4,7,6,7,7,6,5,5,6,5,6,7,6,4,2,2,3,1,6,7,1
796,Female,2,5,1,5,3,6,4,1,3,5,4,4,6,6,7,6,2,3,2,2,4,6,7,6,3,2,2,3,1,1
797,Male,7,7,2,3,5,5,3,2,5,5,6,2,7,3,6,1,1,2,6,6,2,1,2,5,6,2,2,5,6,0
798,Male,2,5,1,4,4,7,2,6,3,2,2,5,4,3,5,1,6,4,2,4,5,3,5,6,7,4,7,3,5,0
799,Female,1,4,6,2,5,7,4,1,6,1,3,3,7,2,7,6,1,4,2,5,1,2,3,4,6,4,6,2,6,0
800,Male,8,2,7,1,2,6,2,7,5,4,7,5,5,6,2,7,4,7,7,7,5,4,5,1,1,6,6,2,3,1
801,Male,4,7,7,4,1,5,6,5,1,1,5,5,4,7,7,5,6,4,6,1,3,3,2,2,5,6,1,4,5,0
802,Female,8,3,3,5,3,2,7,6,2,2,3,5,7,7,3,3,7,6,7,4,5,4,1,5,4,7,5,1,4,1
803,Male,7,4,6,4,7,4,4,1,3,6,7,5,1,3,5,3,6,2,7,4,3,3,7,4,6,4,4,1,1,0
804,Female,8,2,3,1,7,5,1,2,7,1,2,6,4,7,4,4,7,1,3,2,1,7,2,6,6,2,5,1,6,0
805,Male,4,6,5,5,6,6,2,2,5,1,4,7,1,1,4,2,2,2,2,6,4,5,6,1,3,1,6,3,6,1
806,Male,11,6,7,2,4,7,2,2,1,3,3,5,7,5,5,5,5,7,1,1,1,2,3,4,6,2,5,2,3,0
807,Female,6,4,3,7,7,6,2,2,5,6,4,4,3,4,3,7,4,4,5,4,2,5,1,3,7,7,6,6,7,1
808,Female,7,3,7,7,1,1,5,1,4,1,2,6,1,3,5,2,1,3,2,7,3,1,3,1,3,3,5,6,3,1
809,Female,5,1,3,2,1,2,5,4,3,7,7,1,1,7,4,7,5,4,4,4,7,7,4,7,7,7,4,1,3,1
810,Female,4,6,2,7,4,4,6,7,2,6,2,7,6,2,6,1,1,4,1,1,5,3,2,1,1,7,2,1,4,1
811,Male,9,1,2,7,7,1,6,6,6,7,2,7,1,5,6,7,2,3,1,2,2,3,1,1,2,3,1,4,4,1
812,Male,2,4,2,3,4,3,5,3,3,2,5,1,3,3,4,3,4,3,7,3,1,1,5,3,4,6,3,6,6,0
813,Female,3,5,4,3,6,4,3,2,4,7,5,5,6,2,1,1,4,5,6,3,6,2,7,1,1,5,1,3,7,0
814,Male,12,2,1,7,6,7,3,6,1,4,6,3,3,6,4,7,7,2,7,4,3,1,6,5,3,6,2,7,3,0
815,Female,6,5,2,7,7,6,4,5,7,1,5,4,7,3,5,5,4,3,2,6,3,7,2,1,1,2,2,2,1,1
816,Female,11,1,4,6,3,1,2,1,2,7,1,5,1,7,5,3,7,1,5,1,2,2,2,3,1,7,7,7,2,0
817,Female,5,1,5,4,3,5,2,1,4,2,6,5,1,5,1,3,4,6,5,5,6,3,4,3,4,7,5,6,4,1
818,Female,2,1,4,4,5,4,5,6,2,6,3,6,4,7,7,1,7,1,7,3,5,6,6,6,6,1,6,2,1,0
819,Female,4,2,7,7,4,5,6,7,6,1,7,1,5,7,7,7,2,7,1,6,1,3,5,3,7,4,4,2,6,1
820,Male,11,5,2,1,1,1,2,5,1,2,1,6,6,5,1,2,2,1,6,7,6,6,3,2,7,5,4,4,7,0
821,Male,2,3,1,4,1,4,1,3,2,3,3,3,4,4,1,4,5,3,1,7,7,6,3,1,4,1,7,1,3,1
822,Female,3,3,5,6,3,1,6,6,1,6,2,5,1,6,3,5,1,4,3,5,6,6,3,2,2,5,6,5,3,1
823,Female,1,5,7,4,3,6,4,7,4,4,1,5,6,3,2,7,6,1,3,7,7,4,6,4,6,5,3,7,4,1
824,Female,5,2,4,6,4,3,5,5,6,6,3,5,2,5,5,5,5,2,1,5,4,2,4,7,7,6,7,5,2,1
825,Female,10,7,4,5,4,5,3,7,3,6,6,1,7,1,1,5,3,6,6,1,5,5,6,4,3,3,4,1,4,1
826,Female,8,2,4,6,4,4,4,1,2,3,7,4,1,5,4,3,4,5,2,4,7,7,1,2,1,3,3,7,7,1
827,Male,11,5,2,1,7,5,5,5,6,7,1,1,3,3,6,3,1,1,3,5,1,7,7,3,6,3,3,5,2,0
828,Female,2,6,4,4,2,1,4,3,7,5,5,5,7,2,7,3,4,6,3,3,1,4,4,1,2,4,3,1,4,1
829,Male,6,1,1,4,4,3,1,6,7,5,5,3,3,3,3,1,3,6,5,6,1,3,1,5,3,1,1,1,4,1
830,Male,7,4,5,4,5,3,6,3,5,3,7,1,2,5,7,3,1,4,5,7,2,4,6,3,2,6,7,1,5,1
831,Female,5,7,7,4,5,2,6,7,2,2,3,6,5,5,3,5,4,1,3,1,7,5,1,3,5,7,5,1,2,0
832,Male,2,6,4,7,5,2,3,2,7,3,7,7,6,7,2,7,4,2,6,7,2,6,4,2,7,2,3,1,2,1
833,Female,2,6,6,2,7,2,6,5,3,3,4,2,2,7,6,6,1,2,1,1,3,4,1,3,5,7,7,3,2,0
834,Male,4,3,1,7,7,2,2,4,7,3,7,7,6,4,5,7,7,2,3,5,4,3,7,7,1,7,7,1,4,1
835,Female,1,3,2,4,7,7,4,6,6,7,1,5,7,3,1,5,1,7,3,4,4,6,4,3,3,4,6,1,5,1
836,Female,2,6,6,7,4,5,4,1,5,7,7,2,2,2,1,5,7,7,1,3,4,1,3,7,1,3,5,1,4,1
837,Male,3,2,6,5,6,5,1,2,4,2,2,6,4,7,6,3,2,3,6,4,6,1,3,3,6,3,5,1,3,0
838,Male,6,3,3,2,6,1,5,6,5,7,3,2,4,2,1,2,2,1,4,1,7,5,3,4,4,3,1,4,1,0
839,Male,12,6,2,2,5,6,7,2,4,2,6,1,7,2,4,5,3,3,3,2,7,2,1,2,7,7,7,4,1,0
840,Male,10,3,6,3,1,5,6,7,1,3,5,5,3,5,6,2,3,6,2,4,2,1,6,4,4,1,3,5,3,1
841,Female,7,4,4,7,2,3,4,5,1,3,7,7,6,5,1,7,5,2,1,7,2,4,6,4,7,5,3,2,3,1
842,Female,3,4,5,7,2,6,4,5,7,3,6,7,7,2,1,5,6,3,7,6,5,1,1,3,7,2,4,7,2,1
843,Male,10,5,5,1,4,4,1,6,3,7,4,1,5,7,4,6,1,6,2,1,1,2,3,6,1,4,2,2,3,0
844,Male,12,2,7,5,1,5,1,1,3,7,7,1,5,1,7,3,3,2,2,2,6,2,6,6,3,7,7,7,1,0
845,Female,9,5,5,6,2,1,4,7,2,3,6,5,3,2,2,4,5,7,2,5,7,7,3,6,6,3,6,1,4,1
846,Male,10,6,3,2,1,6,1,5,2,2,3,5,6,2,4,7,4,4,6,7,4,7,4,1,4,2,5,3,2,1
847,Male,11,4,3,2,3,4,2,2,1,4,2,1,7,3,5,3,7,1,3,3,1,5,6,3,6,3,2,2,2,0
848,Male,2,3,1,5,5,4,7,1,4,6,7,4,5,6,7,6,6,6,6,6,1,2,5,6,5,5,4,6,1,0
849,Male,7,1,3,4,3,6,3,5,5,7,2,6,6,4,2,4,6,3,4,3,5,6,1,5,1,6,5,2,3,1
850,Male,4,3,1,4,3,6,5,4,5,3,1,4,3,7,3,1,6,3,2,7,3,7,7,4,4,7,1,1,2,1
851,Female,7,6,1,7,4,7,4,4,4,4,2,4,7,1,2,2,7,2,4,1,2,2,3,1,6,6,3,3,1,0
852,Female,4,3,6,7,3,5,1,2,1,2,5,3,4,6,1,2,7,6,7,3,4,4,1,6,7,6,4,7,3,0
853,Male,9,3,3,2,7,2,5,3,4,7,2,1,5,3,4,7,4,1,1,7,3,1,1,1,4,4,5,2,5,0
854,Male,9,7,2,3,1,7,5,4,3,5,5,6,1,4,4,1,5,4,6,3,2,6,7,3,6,7,6,6,3,0
855,Male,7,2,4,2,3,5,3,5,2,5,1,7,7,2,2,6,1,2,4,7,4,2,7,4,6,5,4,2,6,0
856,Male,9,5,6,5,3,5,5,7,5,5,6,6,4,1,7,3,5,1,1,3,4,2,7,1,3,5,6,3,1,1
857,Female,12,3,5,2,3,1,5,7,3,4,1,2,7,3,4,1,7,3,1,1,1,7,7,4,2,2,4,7,6,1
858,Female,12,7,4,7,2,6,7,3,1,2,5,1,3,4,2,2,3,1,4,3,3,5,6,7,7,5,3,5,4,0
859,Female,4,2,1,1,2,3,3,4,1,4,5,7,6,5,7,3,4,5,5,3,2,4,5,5,1,1,1,7,2,0
860,Male,11,3,2,5,2,3,6,1,2,4,7,7,5,6,2,4,5,5,2,7,4,4,5,5,5,3,6,1,1,1
861,Female,5,5,4,5,4,3,3,2,1,1,7,2,2,6,3,6,4,3,2,3,7,3,5,4,7,6,5,5,3,1
862,Female,2,6,4,2,6,1,1,6,4,4,7,4,4,2,2,4,5,1,5,4,3,4,4,2,7,6,3,5,2,0
863,Male,1,1,4,6,4,1,1,6,3,4,1,4,3,4,5,3,3,7,1,6,6,2,1,7,7,2,1,3,3,1
864,Male,4,2,1,1,7,7,6,1,2,5,2,7,6,6,2,6,6,3,2,1,4,4,3,2,5,3,6,3,2,0
865,Male,9,5,4,2,5,6,1,2,4,6,4,3,1,2,6,4,5,1,7,2,3,3,7,4,4,4,3,1,2,0
866,Male,6,2,6,6,7,2,7,4,3,3,3,5,4,6,6,5,2,4,7,5,7,4,4,6,1,3,5,2,1,0
867,Female,12,4,6,1,3,7,1,7,3,6,4,2,7,2,2,4,2,7,1,5,3,4,3,4,5,2,3,4,1,1
868,Female,12,2,6,5,3,6,2,6,2,3,1,3,1,6,1,5,3,4,4,5,5,6,7,2,4,7,1,3,7,1
869,Female,6,4,3,1,6,7,6,1,5,4,6,7,1,7,2,2,3,6,7,2,5,4,3,6,3,4,2,3,7,0
870,Female,12,6,6,4,1,6,6,4,1,5,5,4,7,2,6,5,5,1,2,4,1,4,6,4,5,7,1,1,2,0
871,Male,5,6,3,1,5,2,1,4,1,4,2,4,4,1,3,1,7,6,3,5,3,4,2,1,6,5,6,2,1,0
872,Female,11,3,5,2,2,2,2,3,4,7,2,1,1,3,6,6,5,4,7,2,4,1,3,4,1,7,1,6,1,0
873,Male,6,6,2,4,2,4,4,6,4,3,4,1,6,1,2,7,7,2,6,2,2,4,1,6,2,2,1,5,2,0
874,Male,10,5,4,3,3,5,7,5,1,2,6,2,1,1,1,6,2,6,4,5,7,7,1,2,3,6,3,2,2,1
875,Male,2,5,4,3,5,7,5,5,7,4,2,5,7,2,4,5,3,4,4,2,5,2,3,1,4,2,1,2,2,0
876,Male,1,4,3,7,6,6,6,2,7,4,1,4,5,1,4,4,3,1,7,5,7,6,5,4,7,6,4,5,6,0
877,Female,8,1,7,6,2,4,2,6,4,1,2,6,3,1,4,1,3,6,3,6,4,5,7,6,6,6,1,6,2,1
878,Female,7,2,6,5,7,4,7,5,4,3,2,7,2,1,3,1,3,6,4,7,2,6,1,3,6,3,5,3,6,1
879,Female,7,7,1,5,2,5,5,4,3,5,7,5,1,4,7,6,6,7,1,6,4,3,1,1,1,5,3,1,2,1
880,Male,2,4,4,4,2,6,3,1,7,7,3,1,3,2,4,3,6,5,7,5,3,2,5,3,4,1,6,2,1,0
881,Male,5,4,7,2,2,6,6,6,6,6,1,3,5,7,2,4,4,1,5,6,3,3,2,6,1,4,3,7,7,0
882,Male,12,3,3,3,3,3,1,3,4,4,2,6,5,6,6,6,4,4,3,3,5,7,1,1,3,2,6,7,6,1
883,Male,4,4,7,1,7,2,3,6,6,2,2,2,7,7,7,5,6,7,1,3,7,1,4,4,4,3,7,6,3,0
884,Female,5,5,3,1,6,1,4,4,5,2,7,5,2,3,3,1,2,5,2,7,6,2,4,7,7,2,4,7,1,0
885,Male,7,5,5,7,7,1,6,4,5,5,7,7,6,5,3,5,1,4,5,1,6,6,2,1,5,4,5,3,4,1
886,Female,11,6,3,6,3,2,7,3,6,7,4,7,4,7,7,4,5,6,6,6,3,2,2,7,2,5,2,5,3,1
887,Male,1,5,4,6,4,7,2,4,4,3,1,7,6,6,4,4,2,1,5,6,3,1,4,7,1,3,2,7,1,0
888,Male,7,3,3,6,5,1,5,4,1,3,6,2,7,1,1,7,5,6,2,2,4,7,7,7,7,6,4,2,6,1
889,Male,10,4,5,6,5,7,7,6,6,1,3,7,2,5,4,2,6,6,3,4,6,5,7,4,4,5,4,6,5,1
890,Male,9,7,3,6,5,2,7,4,3,4,4,2,4,4,3,7,1,4,3,3,3,6,5,4,3,6,1,1,6,1
891,Male,5,2,4,1,4,5,3,3,7,3,4,1,3,7,6,2,5,4,2,3,2,2,2,5,6,7,2,3,2,0
892,Male,11,1,7,6,5,3,1,4,4,3,5,4,4,7,5,6,2,7,7,3,3,6,5,7,7,1,1,3,6,1
893,Female,10,3,4,7,2,5,6,7,6,7,2,3,3,2,5,4,6,1,6,2,6,4,5,7,4,7,5,1,1,0
894,Female,10,5,4,4,3,3,3,1,2,5,4,6,7,1,4,3,4,4,7,6,2,2,1,3,2,2,1,2,1,0
895,Female,3,6,5,6,3,7,6,7,6,1,4,5,2,7,4,6,4,5,4,3,1,4,7,1,5,2,2,5,2,1
896,Male,5,5,7,7,6,4,5,7,7,4,1,7,5,1,1,7,7,5,5,4,1,1,1,2,7,3,3,4,2,0
897,Male,12,4,6,5,7,5,2,1,5,1,6,6,3,1,3,1,5,5,3,4,4,6,1,7,1,5,7,6,6,0
898,Female,7,2,1,4,1,3,1,5,7,6,3,3,3,7,5,3,5,7,1,6,5,7,1,6,2,2,5,1,3,1
899,Female,9,4,1,5,6,7,7,1,2,2,2,4,4,2,3,3,4,2,1,1,1,2,4,5,1,2,1,7,7,0
900,Female,9,2,2,6,1,4,2,5,4,3,1,6,4,3,7,1,7,5,4,3,3,5,2,3,6,7,1,4,6,1
901,Female,7,5,7,6,5,4,5,5,5,1,1,2,4,5,2,5,6,2,3,5,3,1,7,1,3,1,4,4,6,1
902,Male,2,2,6,5,6,2,3,4,4,5,4,2,1,7,7,1,1,3,2,1,6,1,2,6,1,3,5,3,4,0
903,Female,10,3,3,3,3,3,7,3,1,1,5,5,2,1,2,4,6,7,7,5,2,3,4,6,2,5,2,4,3,1
904,Male,12,6,6,1,7,6,7,4,5,7,6,1,7,2,2,3,1,3,6,1,4,1,1,4,7,6,5,4,5,0
905,Female,12,5,4,5,3,3,3,7,4,6,1,5,1,3,5,3,7,2,7,5,5,6,6,2,6,3,1,3,2,1
906,Female,6,1,6,1,1,6,1,2,5,7,3,7,1,2,7,7,2,6,6,6,7,3,3,1,1,3,4,6,5,1
907,Male,1,3,4,5,5,1,5,4,3,1,7,6,4,5,1,5,5,3,5,5,7,3,5,5,7,4,5,5,5,0
908,Male,12,3,1,1,6,2,1,5,2,2,5,5,5,2,6,4,6,2,3,7,1,6,2,7,4,2,2,5,4,0
909,Male,4,3,1,1,3,2,1,5,6,5,4,7,1,3,7,5,1,6,7,2,2,6,1,2,6,4,6,2,6,1
910,Female,7,6,6,2,7,1,3,3,2,6,3,4,7,1,6,1,6,3,7,7,7,7,7,1,2,3,1,5,1,0
911,Male,9,7,7,2,7,4,4,4,3,4,4,5,3,3,6,2,5,2,6,2,4,6,4,7,6,5,1,2,6,0
912,Male,1,2,6,2,5,6,4,7,2,2,4,2,7,2,5,2,5,4,5,3,4,5,3,6,4,6,1,6,2,0
913,Male,10,2,5,4,6,5,1,6,1,6,2,2,6,5,2,1,3,2,4,7,2,1,6,1,6,4,5,6,4,0
914,Male,11,5,4,1,6,5,1,4,6,7,4,4,7,2,4,5,6,5,7,1,5,3,4,1,3,2,3,1,3,0
915,Male,8,1,5,2,3,7,6,3,4,6,1,1,2,7,5,7,5,6,4,1,5,4,7,1,1,7,5,5,3,1
916,Female,6,7,2,6,6,5,4,6,6,5,6,3,7,3,3,3,2,1,5,4,7,5,4,6,7,3,2,6,2,0
917,Female,1,7,4,2,5,6,7,6,2,3,1,7,2,1,2,3,6,5,4,3,4,6,7,7,4,5,5,6,5,0
918,Female,5,3,7,5,7,5,1,1,3,3,4,1,2,6,6,7,7,2,7,5,7,1,7,3,4,1,3,3,4,0
919,Male,9,7,6,5,4,2,2,5,6,5,6,7,7,2,4,7,7,5,2,3,5,3,5,6,3,2,2,2,1,1
920,Female,7,4,2,1,5,7,2,2,2,7,6,4,7,5,2,4,6,1,4,6,3,4,1,6,7,4,2,3,5,0
921,Male,6,7,6,2,1,1,4,5,7,1,1,2,2,6,1,5,4,7,2,6,2,5,1,6,2,1,3,4,2,1
922,Female,8,5,7,7,3,3,6,2,2,7,1,1,5,2,3,7,4,3,4,1,1,2,3,4,1,7,5,6,2,0
923,Male,6,5,3,1,7,6,1,2,1,7,5,7,4,4,4,6,6,2,4,4,1,3,7,1,1,5,5,1,2,0
924,Female,9,3,4,4,1,7,3,5,6,4,7,7,1,6,7,5,7,6,1,5,2,4,2,4,7,5,2,3,7,1
925,Female,1,7,1,1,3,1,1,1,4,3,5,7,6,7,4,3,7,7,1,4,2,5,4,3,5,5,5,6,7,1
926,Male,7,5,1,4,1,4,1,6,7,7,6,1,1,5,3,5,7,7,5,5,6,4,7,3,3,4,5,1,7,1
927,Female,8,7,2,6,1,2,3,6,1,4,5,1,6,1,5,5,6,6,2,7,6,4,4,7,2,1,1,6,7,1
928,Female,8,6,3,4,7,5,3,5,7,6,7,2,2,5,3,2,4,3,3,7,3,6,4,7,7,6,1,2,6,0
929,Female,3,6,4,5,1,6,2,1,5,1,7,2,7,4,5,5,5,5,3,7,2,6,1,5,4,4,2,7,1,1
930,Male,10,3,6,3,7,5,3,5,3,2,2,2,4,6,4,6,1,6,7,2,2,7,1,1,6,4,7,7,7,0
931,Female,2,2,3,7,3,1,6,5,5,7,6,2,1,7,1,1,6,2,4,1,2,5,3,1,3,6,3,4,6,1
932,Male,11,1,4,7,5,5,7,4,2,3,2,5,4,5,7,3,1,3,5,1,5,1,7,5,2,7,5,3,7,0
933,Male,4,6,1,1,7,4,2,4,7,1,3,5,5,2,1,2,6,3,3,7,4,3,2,6,5,2,3,2,7,0
934,Male,2,4,3,6,6,7,2,1,3,6,5,1,3,4,6,5,1,6,3,4,6,6,6,7,2,2,4,4,3,1
935,Male,4,2,6,1,5,4,4,3,1,7,3,1,3,2,1,5,7,2,3,2,3,3,5,7,7,5,4,7,2,0
936,Female,12,6,7,2,5,3,6,2,5,7,7,4,7,3,2,5,4,6,1,3,4,6,1,1,6,1,6,7,5,1
937,Female,9,3,1,1,7,7,2,3,2,1,5,6,5,5,2,5,1,5,2,3,7,7,1,3,4,1,1,6,6,1
938,Female,7,2,1,5,5,6,6,2,1,3,7,1,2,3,5,3,4,4,3,3,1,6,5,1,4,2,5,3,1,1
939,Male,2,4,1,4,2,7,2,6,6,2,4,4,3,5,7,1,5,7,2,5,1,4,4,4,7,5,7,7,3,1
940,Female,6,4,4,2,4,6,5,6,5,2,4,5,2,5,4,5,6,5,1,7,3,5,4,6,2,1,3,5,6,1
941,Male,3,2,5,2,5,5,1,2,1,2,7,7,3,7,6,6,4,2,4,1,1,4,6,1,3,4,2,3,3,0
942,Male,3,2,3,6,1,3,2,1,1,2,4,6,5,4,6,7,1,6,1,4,5,6,4,5,5,2,7,7,2,1
943,Female,4,5,5,2,6,6,2,5,7,3,5,3,7,5,7,2,1,4,6,4,4,1,1,4,6,2,5,6,1,0
944,Male,12,6,3,6,3,4,7,5,2,5,2,7,3,2,4,6,3,7,4,7,6,2,7,4,7,2,4,5,6,1
945,Male,2,2,7,6,1,5,7,1,1,3,5,7,5,4,1,1,6,1,7,5,3,1,3,4,6,3,5,4,7,0
946,Female,9,1,7,6,2,1,1,6,3,6,1,4,1,6,4,7,5,3,3,3,4,4,5,3,5,2,5,4,4,1
947,Female,2,4,3,5,5,3,5,5,5,4,4,3,3,6,2,6,1,7,2,4,2,6,4,3,6,7,1,4,1,1
948,Female,2,6,7,7,4,6,7,4,7,5,6,6,7,7,2,6,7,2,2,1,7,2,5,1,1,1,3,7,6,1
949,Female,11,4,2,5,1,1,1,7,5,7,2,2,4,7,5,7,1,5,4,7,6,6,4,2,3,3,6,5,5,1
950,Female,2,3,7,3,1,1,4,2,7,3,6,6,1,3,4,6,1,7,7,4,1,3,6,4,1,3,6,2,7,1
951,Female,1,1,3,6,1,5,3,6,4,2,3,2,4,2,5,7,7,1,1,1,6,1,5,2,4,3,4,3,1,1
952,Male,7,5,5,2,1,5,6,5,5,6,2,5,2,7,2,6,2,3,1,1,2,4,5,1,6,7,1,2,1,1
953,Male,9,5,2,3,3,7,1,2,2,1,4,4,3,5,7,7,1,5,2,7,5,4,6,2,5,6,3,4,7,1
954,Female,6,6,4,3,7,5,2,4,5,2,1,2,7,7,4,7,6,6,5,4,1,3,2,4,2,4,6,5,6,0
955,Female,8,3,4,5,5,7,1,4,5,3,1,3,7,5,6,1,5,6,5,1,2,5,7,6,2,7,5,7,2,0
956,Male,2,5,1,2,2,5,2,3,2,4,3,6,2,2,6,6,4,4,1,7,5,3,1,3,7,7,7,3,4,1
957,Female,4,3,4,6,3,1,4,7,6,2,4,4,4,6,7,4,4,7,7,5,7,3,7,7,4,1,5,3,7,1
958,Female,2,3,3,6,1,7,7,7,7,2,7,1,6,3,1,6,7,2,3,5,2,4,1,1,2,1,2,5,1,1
959,Male,4,3,3,7,2,4,7,3,1,7,6,2,5,7,6,1,5,1,3,7,1,4,2,6,6,2,4,1,4,0
960,Male,3,4,6,6,1,3,7,3,3,6,7,7,4,4,1,6,7,2,2,3,6,5,1,5,2,6,4,1,2,1
961,Female,6,3,1,6,6,2,7,1,7,7,2,1,6,1,5,4,6,7,6,5,1,5,3,1,3,6,1,7,3,1
962,Male,7,6,5,3,4,5,3,3,6,6,1,3,4,3,7,6,3,4,6,3,7,2,1,4,1,4,7,5,2,0
963,Male,9,1,4,7,7,5,3,7,5,5,1,7,4,3,3,6,6,6,4,1,4,2,6,6,3,2,5,6,7,1
964,Female,6,5,2,7,2,1,1,3,2,1,4,7,2,6,3,5,1,1,4,1,2,3,3,1,6,3,6,3,5,1
965,Female,9,2,4,5,1,7,6,2,6,3,4,2,5,6,3,7,2,6,3,6,4,2,4,6,1,5,1,3,2,1
966,Male,9,3,4,4,5,4,4,2,3,6,1,6,1,2,7,7,6,2,6,4,4,7,6,2,1,7,7,3,5,1
967,Male,8,4,4,3,7,7,4,2,4,2,1,7,7,7,4,7,5,6,1,6,4,6,4,4,2,4,2,5,5,1
968,Male,4,6,5,4,7,6,5,1,5,7,4,6,5,5,4,5,4,4,1,3,3,1,5,3,2,6,1,3,4,0
969,Male,1,5,6,6,6,6,7,3,6,7,3,3,4,6,1,2,3,1,1,1,7,5,2,1,1,4,2,6,5,0
970,Male,12,6,4,3,5,5,6,2,2,3,1,7,6,3,4,5,4,5,1,4,5,5,3,7,6,3,6,6,5,0
971,Male,1,6,4,1,6,6,6,4,2,5,3,1,4,4,4,4,7,1,5,6,5,4,6,4,7,4,4,1,2,0
972,Male,8,6,5,4,1,5,7,5,5,3,7,1,4,2,5,6,6,6,4,7,1,5,3,1,7,1,2,1,4,1
973,Male,7,6,2,3,6,4,3,2,7,1,5,4,5,6,1,6,2,7,4,1,3,2,4,7,6,3,2,5,7,0
974,Female,3,7,1,6,4,1,5,4,7,4,3,5,1,3,5,2,3,3,2,2,2,5,5,1,4,5,6,3,3,1
975,Female,2,5,1,7,3,5,7,7,4,6,2,7,5,1,3,2,7,2,1,3,6,6,3,1,4,3,5,1,4,1
976,Female,12,5,3,6,1,7,2,2,6,5,2,4,7,7,3,4,3,3,7,6,1,3,1,1,2,4,6,3,4,1
977,Male,8,4,5,2,1,2,2,3,5,2,5,1,2,6,1,5,7,2,4,3,4,6,3,7,7,6,2,3,1,0
978,Male,11,3,1,6,6,1,4,6,4,3,7,3,5,3,2,7,7,3,3,1,6,5,5,2,5,3,3,7,1,1
979,Male,7,5,1,2,5,1,6,2,5,4,4,2,3,6,6,5,6,1,4,4,6,7,4,5,4,3,5,3,1,0
980,Male,2,1,7,7,6,2,2,5,7,4,4,6,4,7,3,7,7,4,3,6,5,6,6,7,7,3,6,5,4,1
981,Female,3,4,5,3,1,6,5,5,2,7,2,3,1,7,2,6,7,7,2,3,4,4,4,1,5,6,6,6,1,1
982,Male,5,4,4,6,6,4,4,5,4,4,3,2,6,5,6,6,5,4,3,4,1,4,2,6,7,5,6,4,7,0
983,Female,3,3,3,6,2,5,4,1,6,5,5,1,4,3,5,3,1,7,3,2,7,5,5,3,4,1,4,3,1,1
984,Male,3,6,1,1,6,3,6,7,2,3,7,3,5,6,2,2,2,7,7,7,4,2,1,2,2,6,2,5,2,0
985,Female,3,6,4,7,7,4,5,1,5,3,3,3,4,4,4,5,6,5,3,1,5,5,2,7,7,2,5,7,5,0
986,Male,4,2,1,3,3,3,2,1,2,2,4,1,3,3,6,6,5,2,4,4,6,7,5,5,4,1,4,1,7,1
987,Male,3,5,5,5,7,1,4,5,6,5,7,1,4,4,4,5,1,4,2,2,5,7,3,4,4,6,1,1,5,1
988,Male,10,2,4,7,5,5,2,4,2,7,7,5,6,1,4,6,2,7,5,5,4,2,1,6,3,5,6,3,1,1
989,Female,10,2,4,5,4,7,5,4,2,3,3,2,5,4,1,2,3,3,6,2,7,5,4,4,6,5,1,2,2,0
990,Male,11,4,6,6,2,1,3,6,5,1,2,7,5,3,3,5,3,7,1,3,7,1,3,3,7,2,5,2,5,1
991,Male,6,2,6,5,2,1,6,2,5,4,7,4,5,5,3,7,1,7,3,4,3,4,6,2,5,3,4,7,1,1
992,Female,10,7,3,7,6,4,3,3,6,2,2,3,2,6,2,2,1,6,2,4,6,4,4,1,6,6,6,6,3,1
993,Female,3,2,3,5,3,5,7,4,6,2,7,6,2,1,3,6,7,2,4,5,5,6,2,6,2,7,2,7,6,1
994,Female,11,1,1,3,1,3,6,4,6,6,7,5,4,2,2,1,2,6,1,6,1,7,5,3,7,3,4,3,3,1
995,Male,11,3,5,6,6,1,6,1,3,5,6,1,3,2,3,2,2,1,1,6,5,4,2,4,4,4,7,3,3,0
996,Female,7,6,3,7,5,2,1,5,4,2,5,4,1,3,5,6,1,1,3,3,4,1,7,6,4,5,7,2,4,1
997,Female,12,3,6,4,7,5,1,4,2,3,3,5,3,5,6,1,3,7,5,7,1,4,4,2,1,3,4,7,7,1
998,Female,11,6,2,3,5,6,3,2,2,2,6,7,6,4,4,1,5,6,4,5,1,3,1,6,2,4,7,4,3,0
999,Female,7,5,5,2,6,6,7,4,5,5,6,3,6,7,3,3,3,2,2,6,4,3,3,6,7,3,2,6,2,0
1000,Female,10,3,2,3,1,5,1,5,2,5,4,2,6,4,2,5,1,5,1,2,7,3,3,1,1,3,5,7,3,0
